frame,sim_time,motor_drive,left_drive,right_drive,contact_fraction,force_drive,proprioceptive_drive,velocity_drive,recovery_scale,height,roll_deg,pitch_deg,wing_motion,wing_drive
0,0.030999999999999868,0.0,0.0,0.0,0.0,0.0,0.0,112.99282784392291,0.6666666666666667,1.0900008129028858,1.8835845555397297,-3.7308075621155012,0.0,0.0
1,0.03199999999999989,0.016116652637720108,0.018575850874185562,0.01386748906224966,0.3333333432674408,0.7969952821731567,0.0,88.40915439000007,0.0,1.218484092836083,-11.396864732946106,-8.386130657109977,0.0,0.0
2,0.03299999999999992,0.39677664637565613,0.43188852071762085,0.3636363744735718,0.1666666716337204,0.07954364269971848,3.5443526755142156e-05,82.28324937542992,0.25,1.342962385178296,-14.69188847144015,-11.837586791179433,0.0,0.0
3,0.03399999999999995,0.8948580026626587,0.886996865272522,0.9013867974281311,0.0,0.0,0.0,81.29245786288232,0.0,1.4536213972743997,-16.487714816335565,-14.894958745483935,0.0,0.0
4,0.034999999999999976,0.9831158518791199,0.9798761606216431,0.9861325621604919,0.1666666716337204,0.02412204071879387,0.0,81.05432852508446,0.0,1.5510964592150855,-17.518647212116687,-17.619423526695737,0.0,0.0
5,0.036000000000000004,0.9884880781173706,0.9891640543937683,0.9876734018325806,0.1666666716337204,0.022916268557310104,0.0,80.93349521417933,0.0,1.636011250586071,-18.096588360261062,-20.080601092074136,0.0,0.0
6,0.03700000000000003,0.9892555475234985,0.9876160621643066,0.990755021572113,0.1666666716337204,0.02866705320775509,0.0,80.54343441110063,0.0,1.7088031523548248,-18.35523565055116,-22.314997657053596,0.0,0.0
7,0.03800000000000006,0.9915578961372375,0.99071204662323,0.9922958612442017,0.1666666716337204,0.044510722160339355,0.0,79.09153334550976,0.0,1.7705601877826207,-18.386506240823746,-24.35706172411482,0.0,0.0
8,0.03900000000000009,0.9877206087112427,0.986068069934845,0.9892141819000244,0.1666666716337204,0.04192546755075455,0.0,77.06504115041324,0.0,1.822418140180603,-18.242798365019414,-26.241081460322828,0.0,0.0
9,0.04000000000000012,0.9900230169296265,0.9891640543937683,0.990755021572113,0.1666666716337204,0.04620787128806114,0.0,74.12603445918994,0.0,1.8650312981792183,-17.891385391601958,-27.973554405625826,0.0,0.0
10,0.04100000000000015,0.9892555475234985,0.9876160621643066,0.990755021572113,0.1666666716337204,0.07101206481456757,0.0,70.96132865784296,0.0,1.8990001735005433,-17.33030937269366,-29.56722680963334,0.0,0.0
11,0.042000000000000176,0.9907904267311096,0.9891640543937683,0.9922958612442017,0.1666666716337204,0.09318046271800995,0.0,67.25759100978333,0.0,1.9249713913008517,-16.55150398919398,-31.033318129276108,0.0,0.0
12,0.043000000000000205,0.9884880781173706,0.9876160621643066,0.9892141819000244,0.1666666716337204,0.13154754042625427,0.0,63.05739832556405,0.0,1.943413115982139,-15.555381280706149,-32.38586858203025,0.0,0.0
13,0.04400000000000023,0.9900230169296265,0.9891640543937683,0.990755021572113,0.1666666716337204,0.14495787024497986,0.0,58.448688929389974,0.0,1.955019919847869,-14.323613343167526,-33.63777569940165,0.0,0.0
14,0.04500000000000026,0.9869531393051147,0.986068069934845,0.9876734018325806,0.0,0.0,0.0,54.53054299192299,0.0,1.9602152744113033,-12.850870097048796,-34.803617129325076,0.0,0.0
15,0.04600000000000029,0.9923253655433655,0.99071204662323,0.9938367009162903,0.1666666716337204,0.0506151020526886,0.0,50.63333757838543,0.0,1.9592499657301228,-11.141371805393748,-35.89702968870379,0.0,0.0
16,0.04700000000000032,0.9877206087112427,0.9845200777053833,0.990755021572113,0.1666666716337204,0.07854821532964706,0.0,46.99687565673673,0.0,1.9523819566784775,-9.182574302528995,-36.92825638862329,0.0,0.0
17,0.04800000000000035,0.9907904267311096,0.9922600388526917,0.9892141819000244,0.3333333432674408,0.19264045357704163,0.0,44.45327866424333,0.0,1.9398921492751546,-6.980032570145997,-37.89927848528227,0.0,0.0
18,0.04900000000000038,0.9877206087112427,0.986068069934845,0.9892141819000244,0.3333333432674408,0.23134449124336243,0.0027043667774803194,49.76213160666318,0.25,1.9194609525888469,-6.275152370335259,-37.97374373186987,0.0,0.0
19,0.050000000000000405,0.9923253655433655,0.99071204662323,0.9938367009162903,0.3333333432674408,0.12764427065849304,0.0028605231965052776,52.6218958351904,0.25,1.8937395294423072,-6.170905601398018,-37.49657520130094,0.0,0.0
20,0.051000000000000434,0.9869531393051147,0.986068069934845,0.9876734018325806,0.3333333432674408,0.08817408978939056,0.0030123996319253443,56.034837103551155,0.25,1.8602699506195564,-6.104580458368873,-36.54776688853313,0.0,0.0
21,0.05200000000000046,0.9900230169296265,0.9891640543937683,0.990755021572113,0.3333333432674408,0.12538567185401917,0.0031636780830940608,59.5871041716196,0.25,1.8184545577539497,-6.071864996268789,-35.185534076196525,0.0,0.0
22,0.05300000000000049,0.9900230169296265,0.9891640543937683,0.990755021572113,0.3333333432674408,0.1263754963874817,0.003313168027832803,62.87804271054565,0.25,1.7680509497675774,-6.006891663765154,-33.48938275264592,0.0,0.0
23,0.05400000000000052,0.9907904267311096,0.9891640543937683,0.9922958612442017,0.3333333432674408,0.12077254056930542,0.0034613688261260654,66.05983351952787,0.25,1.7087465666192523,-5.9372256306407944,-31.479597402356628,0.0,0.0
24,0.05500000000000055,0.9877206087112427,0.986068069934845,0.9892141819000244,0.3333333432674408,0.11492703855037689,0.0036066782817116387,69.12396788211174,0.25,1.6404378167228184,-5.851096578280758,-29.19327456756956,0.0,0.0
25,0.05600000000000058,0.9900230169296265,0.9891640543937683,0.990755021572113,0.3333333432674408,0.09779556095600128,0.0037518304416444075,71.95427971890318,0.25,1.5629953798106733,-5.752968517950149,-26.656579257568573,0.0,0.0
26,0.057000000000000606,0.9877206087112427,0.9876160621643066,0.9876734018325806,0.3333333432674408,0.08130251616239548,0.0038945978957500194,74.24548559110085,0.25,1.4758530877480873,-5.647463642729946,-23.87840139189522,0.0,0.0
27,0.058000000000000634,0.9923253655433655,0.99071204662323,0.9938367009162903,0.3333333432674408,0.061647962778806686,0.004038640565366088,75.79302617328577,0.25,1.378385194297423,-5.538090680620498,-20.86419074850249,0.0,0.0
28,0.05900000000000066,0.9884880781173706,0.986068069934845,0.990755021572113,0.1666666716337204,0.03552938625216484,0.004179423507939242,76.39684306703595,0.25,1.2698879879584546,-5.426787385030388,-17.615240889717825,0.0,0.0
29,0.06000000000000069,0.9892555475234985,0.9891640543937683,0.9892141819000244,0.3333333432674408,0.3588400185108185,0.0,73.16304582757544,0.0,1.1532327008966488,-4.645112715494506,-14.226726938583363,0.0,0.0
30,0.06100000000000072,0.9884880781173706,0.9876160621643066,0.9892141819000244,0.3333333432674408,0.14233365654945374,0.004457594673456515,72.2284317591693,0.25,1.0361772932656768,-2.5049235604462177,-10.769066780675866,0.0,0.0
31,0.06200000000000075,0.9915578961372375,0.9891640543937683,0.9938367009162903,0.5,0.7058719396591187,0.004597356031552375,61.606419001142264,0.25,0.9382712010425079,0.0902345342965851,-7.839045834410669,0.0,0.0
32,0.06300000000000078,0.9877206087112427,0.9876160621643066,0.9876734018325806,0.3333333432674408,0.11350782215595245,0.01040439776895724,32.80116811594539,0.25,0.8990381786122579,0.2210562703276621,-7.216754257760497,0.0,0.0
33,0.0640000000000008,0.9900230169296265,0.9891640543937683,0.990755021572113,0.8333333134651184,0.2954217791557312,0.005080746785055302,17.83848048501799,0.25,0.8805754248923656,0.23741035307127265,-7.077416557543931,0.0,0.0
34,0.06500000000000083,0.9892555475234985,0.9876160621643066,0.990755021572113,0.8333333134651184,0.25413838028907776,0.013000012789487208,9.730684895569794,0.2864607805992805,0.8694701940713724,0.22875421139702046,-7.039671509988479,0.0,0.0
35,0.06600000000000086,0.9915578961372375,0.99071204662323,0.9922958612442017,0.8333333134651184,0.17065830528736115,0.028472987020230295,4.972024211495699,0.6107726041772082,0.8619737570518083,0.28753477200134975,-6.9743217103640855,0.0,0.0
36,0.06700000000000089,0.9869531393051147,0.9845200777053833,0.9892141819000244,0.6666666865348816,0.09509524703025818,0.03702457384811772,2.896582829613647,0.801119031540172,0.8569660863034088,0.3253535430752855,-6.90650154498675,0.0,0.0
37,0.06800000000000092,0.9915578961372375,0.9922600388526917,0.990755021572113,0.8333333134651184,0.11774776875972748,0.03952241221375919,2.1877754110250063,0.8465221878891833,0.8533084766035597,0.3501041700942774,-6.85934013380508,0.0,0.0
38,0.06900000000000095,0.9869531393051147,0.986068069934845,0.9876734018325806,1.0,0.13126760721206665,0.041139527040459846,1.9289029370028694,0.847570219248776,0.8503826970994558,0.3762840920351869,-6.814626702272091,0.0,0.0
39,0.07000000000000098,0.9923253655433655,0.99071204662323,0.9938367009162903,1.0,0.15097221732139587,0.044334884905941604,1.7395477307744756,0.8485638510606202,0.847621591123821,0.39714494281960006,-6.779695185813647,0.0,0.0
40,0.071000000000001,0.9877206087112427,0.9845200777053833,0.990755021572113,1.0,0.13662423193454742,0.04538493257755051,1.4151283734857476,0.849340106981919,0.8451215324971164,0.4075652097421666,-6.737479085471482,0.0,0.0
41,0.07200000000000104,0.9900230169296265,0.99071204662323,0.9892141819000244,0.8333333134651184,0.0951373279094696,0.04645451139821243,1.1363907535147946,0.8502782425450781,0.8429610610008447,0.42739504261931144,-6.704025800449049,0.0,0.0
42,0.07300000000000106,0.9884880781173706,0.9876160621643066,0.9892141819000244,0.6666666865348816,0.08657532185316086,0.044962831323447396,0.8668251142704256,0.85102164887891,0.8411824516948725,0.4439118469997883,-6.673824630817118,0.0,0.0
43,0.07400000000000109,0.9923253655433655,0.99071204662323,0.9938367009162903,1.0,0.1353481262922287,0.04363414436428001,0.8145747747489651,0.8516927859818418,0.8392962419345452,0.45873228770468455,-6.644881174781984,0.0,0.0
44,0.07500000000000112,0.9869531393051147,0.986068069934845,0.9876734018325806,0.8333333134651184,0.14169517159461975,0.049573165889086376,0.6880660498090099,0.8523359738937337,0.8374775312992815,0.48283446130348695,-6.618442219778457,0.0,0.0
45,0.07600000000000115,0.9900230169296265,0.9891640543937683,0.990755021572113,1.0,0.18551066517829895,0.04988323417802563,0.45744459653888236,0.8529235062271454,0.8356408976981521,0.49783954404002545,-6.590310149729912,0.0,0.0
46,0.07700000000000118,0.9892555475234985,0.9876160621643066,0.990755021572113,1.0,0.17952801287174225,0.05162179635345243,0.4252247324318039,0.8535486633393353,0.8338924851692553,0.5185408990648007,-6.560090578166247,0.0,0.0
47,0.07800000000000121,0.9907904267311096,0.99071204662323,0.990755021572113,1.0,0.15402671694755554,0.05264876467886698,0.7047949088473695,0.8542202093740834,0.8323792307490933,0.5465028752813567,-6.529682338684761,0.0,0.0
48,0.07900000000000124,0.9884880781173706,0.986068069934845,0.990755021572113,1.0,0.15415917336940765,0.05365216985939072,0.6425656945459318,0.8548959480292275,0.8307584503330138,0.5620730196125472,-6.509269633723707,0.0,0.0
49,0.08000000000000126,0.9900230169296265,0.9891640543937683,0.990755021572113,1.0,0.16485148668289185,0.05464745855160715,0.651445489075792,0.8553495636950288,0.8292020191322965,0.5884477050308872,-6.47957810112674,0.0,0.0
50,0.0810000000000013,0.9877206087112427,0.9876160621643066,0.9876734018325806,0.8333333134651184,0.13894060254096985,0.055631368045711574,0.9023830851800199,0.8560093755305169,0.8275952667774708,0.6161430794359202,-6.45275421201644,0.0,0.0
51,0.08200000000000132,0.9915578961372375,0.9891640543937683,0.9938367009162903,0.8333333134651184,0.11428482830524445,0.05576310170615523,0.5771431395411841,0.8566054619551903,0.8260926877532587,0.6272606245620597,-6.435036602860461,0.0,0.0
52,0.08300000000000135,0.9892555475234985,0.9876160621643066,0.990755021572113,1.0,0.14490891993045807,0.0545253512890285,0.4126537082913479,0.8569991866031008,0.8246860328278635,0.6558741300002584,-6.410836207930937,0.0,0.0
53,0.08400000000000138,0.9892555475234985,0.9891640543937683,0.9892141819000244,1.0,0.1625455915927887,0.05856560319567119,0.6565222879441258,0.8575369731570903,0.8230745147337797,0.6759061141375732,-6.385265888766252,0.0,0.0
54,0.08500000000000141,0.9884880781173706,0.9876160621643066,0.9892141819000244,0.8333333134651184,0.1529524177312851,0.059521006806630465,0.4379304086518669,0.8581052024718611,0.82156901879966,0.692404579265939,-6.360879076601645,0.0,0.0
55,0.08600000000000144,0.9915578961372375,0.9891640543937683,0.9938367009162903,1.0,0.16290722787380219,0.059561149593209156,0.7758166143167037,0.8586471316310745,0.8201931706571398,0.7200159302009577,-6.334685736117051,0.0,0.0
56,0.08700000000000147,0.9869531393051147,0.986068069934845,0.9876734018325806,0.6666666865348816,0.08226127922534943,0.06142036164562323,0.552043634658428,0.8592292058640656,0.8188480724155005,0.7403472617805282,-6.314967751986932,0.0,0.0
57,0.0880000000000015,0.9907904267311096,0.99071204662323,0.990755021572113,1.0,0.16494515538215637,0.05806346655386412,0.45676228372396416,0.8596673832891792,0.8175524398539298,0.7684071918088639,-6.294098294007787,0.0,0.0
58,0.08900000000000152,0.9892555475234985,0.9876160621643066,0.990755021572113,1.0,0.1692807376384735,0.06328811287976978,0.4424672061728986,0.8601311490220491,0.8160057638933363,0.7855238400968254,-6.272453673207056,0.0,0.0
59,0.09000000000000155,0.9900230169296265,0.9891640543937683,0.990755021572113,0.8333333134651184,0.15397566556930542,0.06421134054922757,0.5067464105400435,0.8606121405953988,0.8145797811068702,0.8109962420361727,-6.246825283955715,0.0,0.0
60,0.09100000000000158,0.9884880781173706,0.986068069934845,0.990755021572113,1.0,0.14574046432971954,0.06411556789229485,0.5408168109976789,0.8611816603565396,0.8133151785433506,0.8274819402179207,-6.224590836082948,0.0,0.0
61,0.09200000000000161,0.9900230169296265,0.9891640543937683,0.990755021572113,0.8333333134651184,0.11224400997161865,0.06602773190463564,0.5728413840267343,0.8616757591981568,0.8120493912776058,0.8524280683824726,-6.203645241294648,0.0,0.0
62,0.09300000000000164,0.9884880781173706,0.9891640543937683,0.9876734018325806,1.0,0.13997966051101685,0.06366253032660325,0.827418389048282,0.8621412168601189,0.8108568259746957,0.8765442578316308,-6.17854032693917,0.0,0.0
63,0.09400000000000167,0.9915578961372375,0.9891640543937683,0.9938367009162903,1.0,0.16686779260635376,0.06782198635742902,0.3033827582495292,0.8626991038457963,0.8094651377838392,0.8920065074556501,-6.158559996545999,0.0,0.0
64,0.0950000000000017,0.9884880781173706,0.986068069934845,0.990755021572113,1.0,0.16423329710960388,0.06868385476642196,0.538591764890075,0.8631431111878667,0.8082618298864723,0.9254000981680814,-6.136623193652228,0.0,0.0
65,0.09600000000000172,0.9900230169296265,0.99071204662323,0.9892141819000244,0.6666666865348816,0.11117734014987946,0.06955582568398297,0.5632019400736774,0.8636305956966172,0.8071338554885757,0.9448481289770171,-6.119681352871017,0.0,0.0
66,0.09700000000000175,0.9877206087112427,0.986068069934845,0.9892141819000244,1.0,0.14062656462192535,0.06325100585599089,0.3888295675270223,0.8640070810473107,0.8058869959774844,0.9620706352626662,-6.101271160998821,0.0,0.0
67,0.09800000000000178,0.9930928349494934,0.9922600388526917,0.9938367009162903,0.8333333134651184,0.20530398190021515,0.07126681717074103,0.5283569298156046,0.8644161964222484,0.8048219416966205,0.9906202620115986,-6.082523966752528,0.0,0.0
68,0.09900000000000181,0.9861856698989868,0.9845200777053833,0.9876734018325806,1.0,0.1731673777103424,0.07104013936342347,0.16957902947009643,0.8648328007388327,0.8048833905920608,1.0104688070830883,-6.082793627649841,0.0,0.0
69,0.10000000000000184,0.9907904267311096,0.99071204662323,0.990755021572113,0.8333333134651184,0.12732520699501038,0.07286754618524378,0.32158687363386657,0.8648268082744479,0.8050400131746678,1.0352712775283863,-6.093828102937626,0.0,0.0
70,0.10100000000000187,0.9884880781173706,0.986068069934845,0.990755021572113,1.0,0.18110665678977966,0.07004294935001039,0.31298321701894827,0.8645815977124972,0.805172799629089,1.051770745615364,-6.10593340962446,0.0,0.0
71,0.1020000000000019,0.9907904267311096,0.99071204662323,0.990755021572113,0.6666666865348816,0.13389509916305542,0.07437373146023245,0.21363005388255404,0.8643125908972342,0.8052182167383193,1.0703824480283368,-6.113342586871798,0.0,0.0
72,0.10300000000000192,0.9884880781173706,0.986068069934845,0.990755021572113,1.0,0.15954753756523132,0.07277613810822123,0.033658220911630926,0.86414794251396,0.8053444607672027,1.079403678008135,-6.122190822100573,0.0,0.0
73,0.10400000000000195,0.9907904267311096,0.99071204662323,0.990755021572113,1.0,0.1568152904510498,0.07584738187012774,0.4516406860605532,0.8639513150644317,0.8054288495334958,1.1023176548230844,-6.128230313366128,0.0,0.0
74,0.10500000000000198,0.9869531393051147,0.986068069934845,0.9876734018325806,0.8333333134651184,0.13281965255737305,0.07654242366364798,0.27929939852391256,0.8638171041474194,0.8055069707269635,1.1127583057422505,-6.13734181924948,0.0,0.0
75,0.10600000000000201,0.9923253655433655,0.99071204662323,0.9938367009162903,0.8333333134651184,0.13924476504325867,0.07319460644311947,0.3257938062742274,0.8636146262389004,0.805609350601725,1.136929546568534,-6.144475440954792,0.0,0.0
76,0.10700000000000204,0.9877206087112427,0.9845200777053833,0.990755021572113,1.0,0.16043104231357574,0.07674188485433805,0.17515343914775375,0.8634561013121158,0.8057788929982316,1.1525354429631902,-6.1579300148834815,0.0,0.0
77,0.10800000000000207,0.9907904267311096,0.9922600388526917,0.9892141819000244,1.0,0.15603861212730408,0.07864578530731581,0.33045722236293895,0.863157110780367,0.8057945174220138,1.1677336175818727,-6.159555089081218,0.0,0.0
78,0.1090000000000021,0.9877206087112427,0.986068069934845,0.9892141819000244,0.8333333134651184,0.13858351111412048,0.07931163891077989,0.4228988318158907,0.8631209980204173,0.8059122277926146,1.188581192783242,-6.169477418468167,0.0,0.0
79,0.11000000000000212,0.9923253655433655,0.99071204662323,0.9938367009162903,0.8333333134651184,0.13342204689979553,0.07577141180524975,0.2450301751991901,0.8629005018118185,0.8060115782335907,1.2036787510893516,-6.178898085979528,0.0,0.0
80,0.11100000000000215,0.9869531393051147,0.986068069934845,0.9876734018325806,1.0,0.16672615706920624,0.07935952511313484,0.0509708997841188,0.8626911536448993,0.8060581627592334,1.2086392763896,-6.183024849257968,0.0,0.0
81,0.11200000000000218,0.9900230169296265,0.9891640543937683,0.990755021572113,1.0,0.12303521484136581,0.08127059524906802,0.31302984700598724,0.8625994477942673,0.8061178985751015,1.2282005081880394,-6.188408052180945,0.0,0.0
82,0.11300000000000221,0.9900230169296265,0.9891640543937683,0.990755021572113,0.8333333134651184,0.1362866759300232,0.0819081875177852,0.33140741105507854,0.8624798210626456,0.8062891158885186,1.248218996039106,-6.202067992418175,0.0,0.0
83,0.11400000000000224,0.9907904267311096,0.9891640543937683,0.9922958612442017,1.0,0.16269907355308533,0.07816025385116913,0.1698704491805436,0.8621762668351517,0.8063240947763034,1.2603338573507936,-6.2063058531025765,0.0,0.0
84,0.11500000000000227,0.9877206087112427,0.986068069934845,0.9892141819000244,1.0,0.1758805215358734,0.08311038449181984,0.11886614970420713,0.8620820921532761,0.8063183541253504,1.2655868120803442,-6.209290180382293,0.0,0.0
85,0.1160000000000023,0.9900230169296265,0.9891640543937683,0.990755021572113,0.8333333134651184,0.13388945162296295,0.08371753156164012,0.2290100933187595,0.8620157737692824,0.8064082421610419,1.2817833093506343,-6.2166862381989,0.0,0.0
86,0.11700000000000232,0.9877206087112427,0.9876160621643066,0.9876734018325806,1.0,0.15567293763160706,0.07982145433697398,0.511400550186144,0.8618514169289133,0.8065461228848956,1.310258409602047,-6.225454884115911,0.0,0.0
87,0.11800000000000235,0.9923253655433655,0.99071204662323,0.9938367009162903,1.0,0.1706601083278656,0.08487453123086791,0.19514792262054734,0.8616565581307576,0.8066475855495102,1.3223328164291348,-6.235361604460005,0.0,0.0
88,0.11900000000000238,0.9884880781173706,0.986068069934845,0.990755021572113,0.8333333134651184,0.14023371040821075,0.0854082177678055,0.2496621255531519,0.8614364087897777,0.8067438392722169,1.3510727643363822,-6.24164102200362,0.0,0.0
89,0.12000000000000241,0.9892555475234985,0.9891640543937683,0.9892141819000244,1.0,0.15972496569156647,0.08460782224153637,0.0849383862517681,0.8612968661776974,0.806919150148125,1.3722348842537175,-6.25355969798237,0.0,0.0
90,0.12100000000000244,0.9884880781173706,0.9876160621643066,0.9892141819000244,1.0,0.1654728353023529,0.08645531074347915,0.29779801114966975,0.8610320067115029,0.8068787280017782,1.383062802890951,-6.253516511941175,0.0,0.0
91,0.12200000000000247,0.9915578961372375,0.9891640543937683,0.9938367009162903,0.8333333134651184,0.14965324103832245,0.08701446190112044,0.3380809603901733,0.8610329664013072,0.8069957753975564,1.392001889822558,-6.264282755017886,0.0,0.0
92,0.1230000000000025,0.9877206087112427,0.9876160621643066,0.9876734018325806,0.8333333134651184,0.12845955789089203,0.08624305655196403,0.2389058320723304,0.860793716555158,0.8071406120659523,1.4137158125219083,-6.273422332441188,0.0,0.0
93,0.12400000000000252,0.9900230169296265,0.9891640543937683,0.990755021572113,1.0,0.1726570427417755,0.08371026835060567,0.2866494630219372,0.8605906148346403,0.8071722127342221,1.4329521800451894,-6.277496161415711,0.0,0.0
94,0.12500000000000255,0.9892555475234985,0.9876160621643066,0.990755021572113,1.0,0.1564948409795761,0.08846328093000565,0.5829327837232741,0.860500085301873,0.8073487727019633,1.4601213654334335,-6.287786301953898,0.0,0.0
95,0.12600000000000244,0.9907904267311096,0.99071204662323,0.990755021572113,0.6666666865348816,0.0966646745800972,0.08893704657943223,0.050580124150333174,0.8602714155121356,0.807374052298916,1.4613777643718726,-6.295613782710448,0.0,0.0
96,0.12700000000000233,0.9877206087112427,0.9845200777053833,0.990755021572113,1.0,0.157109797000885,0.08324526338413255,0.3108962007068609,0.8600974714953233,0.807454797328164,1.4791455357251342,-6.300083489416901,0.0,0.0
97,0.12800000000000222,0.9915578961372375,0.9922600388526917,0.990755021572113,1.0,0.12963929772377014,0.0898362654417583,0.4596358768020372,0.8599981446796244,0.8074732613265996,1.4936290827512613,-6.303010507224793,0.0,0.0
98,0.1290000000000021,0.9869531393051147,0.986068069934845,0.9876734018325806,1.0,0.17155537009239197,0.09023843348091962,0.1625455992607137,0.859933099839449,0.8076302426673804,1.50645084474897,-6.3149429911931225,0.0,0.0
99,0.130000000000002,0.9923253655433655,0.99071204662323,0.9938367009162903,0.8333333134651184,0.1278686374425888,0.09067798245760596,0.2682902826483963,0.8596679335290417,0.8077175708830989,1.5278571119764155,-6.3207711469190695,0.0,0.0
