frame,sim_time,motor_drive,left_drive,right_drive,contact_fraction,force_drive,proprioceptive_drive,velocity_drive,recovery_scale,height,roll_deg,pitch_deg,wing_motion,wing_drive,contact_LF,contact_LM,contact_LH,contact_RF,contact_RM,contact_RH,force_LF,force_LM,force_LH,force_RF,force_RM,force_RH
0,0.030999999999999868,0.0,0.0,0.0,1.0,0.24980942904949188,0.0,2.863069728806992,0.8681509760009984,0.97704298487149,-0.0074812526031863315,-3.4434046158678653,0.0,0.0,1.0,1.0,1.0,1.0,1.0,1.0,1.298275113105774,1.991258144378662,3.030907392501831,2.946756362915039,2.876448631286621,2.8449201583862305
1,0.03199999999999989,0.016116652637720108,0.018575850874185562,0.01386748906224966,1.0,0.257333368062973,7.822012529323904e-06,2.277962018921898,0.8854772108477204,0.9694024642681907,-0.017376081906789027,-3.683461472328655,0.0,0.0,1.0,1.0,1.0,1.0,1.0,1.0,2.7589972019195557,3.0918707847595215,3.6487293243408203,1.222620964050293,1.7581101655960083,2.959674119949341
2,0.03299999999999992,0.40445125102996826,0.43653249740600586,0.37288138270378113,0.8333333134651184,0.22796852886676788,0.00031442051128424524,1.9065106935181615,0.9088815192431241,0.9620356130512597,-0.004930814711240069,-3.9130648632813956,0.0,0.0,1.0,0.0,1.0,1.0,1.0,1.0,2.049626111984253,0.0,3.354624032974243,2.4299919605255127,2.4270615577697754,3.41680908203125
3,0.03399999999999995,0.8986952900886536,0.891640841960907,0.9044684171676636,0.8333333134651184,0.22004210948944092,0.0012399750291492977,1.6366896659627743,0.9130430030381912,0.954737498794951,-0.01201463775677344,-4.135138940789533,0.0,0.0,1.0,1.0,1.0,1.0,0.0,1.0,2.4769725799560547,2.4770114421844482,3.5603244304656982,1.5581833124160767,0.0,3.1300339698791504
4,0.034999999999999976,0.9831158518791199,0.9798761606216431,0.9861325621604919,1.0,0.2591540217399597,0.002350709200281103,1.3388121898171907,0.9081080235380103,0.947483294927238,0.005710807672472357,-4.353403275502599,0.0,0.0,1.0,1.0,1.0,1.0,1.0,1.0,1.4909878969192505,2.4497556686401367,3.294548273086548,2.3507251739501953,2.4105498790740967,3.552675724029541
5,0.036000000000000004,0.9884880781173706,0.9891640543937683,0.9876734018325806,1.0,0.23199650645256042,0.0038362112680118744,1.1500140308019193,0.9032577049888312,0.940349608122864,-0.013406433400304995,-4.570462306865403,0.0,0.0,1.0,1.0,1.0,1.0,1.0,1.0,2.251753330230713,1.343368649482727,3.5856597423553467,0.9590511322021484,2.4572813510894775,3.322676181793213
6,0.03700000000000003,0.9892555475234985,0.9876160621643066,0.990755021572113,0.8333333134651184,0.20767048001289368,0.005265770597930161,1.0282672268214854,0.8984341709585466,0.933248001464424,-0.0061589617842184065,-4.785886933214231,0.0,0.0,0.0,1.0,1.0,1.0,1.0,1.0,0.0,2.220989942550659,3.5392415523529053,1.996624231338501,1.225249171257019,3.478123188018799
7,0.03800000000000006,0.9915578961372375,0.99071204662323,0.9922958612442017,1.0,0.2636913061141968,0.006401736233182205,0.822414591058231,0.8936469570396838,0.9261252114875738,-0.006473798011479548,-4.997859196910599,0.0,0.0,1.0,1.0,1.0,1.0,1.0,1.0,1.8823747634887695,2.546929121017456,3.5010950565338135,2.189340829849243,2.2040295600891113,3.4977102279663086
8,0.03900000000000009,0.9877206087112427,0.986068069934845,0.9892141819000244,0.8333333134651184,0.22266629338264465,0.008186679892156198,0.7376206181160374,0.8889364622908755,0.9190406686324161,0.0056478195799924275,-5.20873272216633,0.0,0.0,1.0,0.0,1.0,1.0,1.0,1.0,2.090714693069458,0.0,3.3864622116088867,1.6238760948181152,2.6293203830718994,3.629603862762451
9,0.04000000000000012,0.9900230169296265,0.9891640543937683,0.990755021572113,1.0,0.25442028045654297,0.009483255315408409,0.8631436448682797,0.8842503839518594,0.9119913833991226,-0.017285563971837285,-5.417233685836322,0.0,0.0,1.0,1.0,1.0,1.0,1.0,1.0,1.6697804927825928,2.365520715713501,3.5637240409851074,1.914014220237732,2.408353805541992,3.3438239097595215
10,0.04100000000000015,0.9892555475234985,0.9876160621643066,0.990755021572113,1.0,0.2450435608625412,0.011046665394748889,0.45180353504929516,0.8796170292036373,0.9050973700668133,-0.00544216113597065,-5.628947376199905,0.0,0.0,1.0,1.0,1.0,1.0,1.0,1.0,2.1686208248138428,2.5241165161132812,3.525352716445923,2.086899518966675,1.2014905214309692,3.1961333751678467
11,0.042000000000000176,0.9907904267311096,0.9891640543937683,0.9922958612442017,0.8333333134651184,0.1626807153224945,0.012427510543080071,5.227372928975961,0.874912280528891,0.8981063714947599,0.010688613988892173,-5.748580243298868,0.0,0.0,1.0,0.0,1.0,1.0,1.0,1.0,1.3672213554382324,0.0,1.8839596509933472,2.2745604515075684,2.2057299613952637,2.029371738433838
12,0.043000000000000205,0.9884880781173706,0.9876160621643066,0.9892141819000244,1.0,0.17296743392944336,0.01231658175787489,3.4839869331025133,0.7909050828409616,0.8932553089949663,-0.012141118914075611,-5.664820879969577,0.0,0.0,1.0,1.0,1.0,1.0,1.0,1.0,1.9351545572280884,1.8189587593078613,1.33100426197052,2.28116512298584,1.939266324043274,1.072497010231018
13,0.04400000000000023,0.9900230169296265,0.9891640543937683,0.990755021572113,1.0,0.1874283254146576,0.014977628403529104,2.6857177493317708,0.8606405226758995,0.8892665704159238,-0.01773756908198644,-5.635074663721432,0.0,0.0,1.0,1.0,1.0,1.0,1.0,1.0,2.517245054244995,2.2546634674072266,1.9752992391586304,2.274174451828003,0.8307020664215088,1.393614411354065
14,0.04500000000000026,0.9869531393051147,0.986068069934845,0.9876734018325806,0.8333333134651184,0.1544555127620697,0.016577722172032114,2.3598650650877446,0.8747761185839682,0.8857808314593846,0.004940792645472179,-5.612835137541543,0.0,0.0,1.0,1.0,1.0,0.0,1.0,1.0,2.251317024230957,2.0285000801086426,1.881208062171936,0.0,1.5201733112335205,1.5861330032348633
15,0.04600000000000029,0.9923253655433655,0.99071204662323,0.9938367009162903,0.5,0.09419305622577667,0.017675815975929383,2.3509638442171426,0.8752703302768546,0.8824313957000773,0.03623551368298177,-5.584719024083762,0.0,0.0,0.0,0.0,0.0,1.0,1.0,1.0,0.0,0.0,0.0,1.7971141338348389,1.97080397605896,1.8836649656295776
16,0.04700000000000032,0.9877206087112427,0.9845200777053833,0.990755021572113,1.0,0.15952754020690918,0.017719723144532233,2.2982164105943843,0.8758951327981386,0.8790754650631339,0.015108816596356057,-5.5518610630034555,0.0,0.0,1.0,1.0,1.0,1.0,1.0,1.0,1.587717056274414,0.8710445165634155,1.4888989925384521,2.2795021533966064,1.905320644378662,1.4391692876815796
17,0.04800000000000035,0.9907904267311096,0.9922600388526917,0.9892141819000244,1.0,0.18642444908618927,0.0205613904743836,2.039738964291233,0.8766253097110344,0.8759123245021193,-0.0011399807706131276,-5.537140523590363,0.0,0.0,1.0,1.0,1.0,1.0,1.0,1.0,2.280830144882202,1.7853137254714966,2.000021457672119,2.100311279296875,1.5372684001922607,1.4817205667495728
18,0.04900000000000038,0.9877206087112427,0.986068069934845,0.9892141819000244,0.8333333134651184,0.14303931593894958,0.021834231480739714,2.0771502911677455,0.8769524328091031,0.8727824357798194,0.006261080873231935,-5.520633016530675,0.0,0.0,1.0,1.0,1.0,0.0,1.0,1.0,2.289911985397339,2.122196912765503,2.086469888687134,0.0,0.7516955733299255,1.332083821296692
19,0.050000000000000405,0.9923253655433655,0.99071204662323,0.9938367009162903,0.8333333134651184,0.1449504792690277,0.0227768722728419,2.022811394860456,0.8773192662993183,0.8696227450022531,0.04448001659080885,-5.4946243265394115,0.0,0.0,1.0,1.0,0.0,1.0,1.0,1.0,2.133852005004883,1.6245648860931396,0.0,1.6981706619262695,1.6706057786941528,1.5698347091674805
20,0.051000000000000434,0.9869531393051147,0.986068069934845,0.9876734018325806,0.8333333134651184,0.14581570029258728,0.023967140292555016,1.85810986942669,0.877897237188013,0.8665420624997899,0.048200630056626996,-5.4697269885682145,0.0,0.0,1.0,1.0,0.0,1.0,1.0,1.0,2.015066385269165,0.7317026853561401,0.0,2.3886425495147705,2.028855800628662,1.5846749544143677
21,0.05200000000000046,0.9900230169296265,0.9891640543937683,0.990755021572113,1.0,0.18151618540287018,0.0251867406317895,1.5565954131471453,0.8784505113651508,0.863611039673843,0.04275089989114195,-5.455139478616217,0.0,0.0,1.0,1.0,1.0,1.0,1.0,1.0,2.060004472732544,1.4732328653335571,1.5860695838928223,2.2716853618621826,1.802811861038208,1.6971676349639893
22,0.05300000000000049,0.9900230169296265,0.9891640543937683,0.990755021572113,0.6666666865348816,0.1265401840209961,0.026804873547713687,1.9897126060803771,0.878774678252973,0.8607236617532387,0.04093530795761411,-5.441283845409054,0.0,0.0,1.0,1.0,1.0,0.0,0.0,1.0,2.0996274948120117,1.7319351434707642,2.0141079425811768,0.0,0.0,1.7467402219772339
23,0.05400000000000052,0.9907904267311096,0.9891640543937683,0.9922958612442017,0.8333333134651184,0.11341595649719238,0.026134756586577237,2.1045998075253696,0.8790825812131321,0.8577949166364421,0.05754395356349923,-5.419677969936345,0.0,0.0,0.0,1.0,1.0,1.0,1.0,1.0,0.0,1.6825395822525024,1.5555493831634521,0.9711182713508606,0.8974100947380066,1.6983397006988525
24,0.05500000000000055,0.9877206087112427,0.986068069934845,0.9892141819000244,0.8333333134651184,0.14136777818202972,0.02778806101336346,1.9424913691826726,0.8795627117791923,0.8547787477199107,0.07514480946309937,-5.395558104825079,0.0,0.0,0.0,1.0,1.0,1.0,1.0,1.0,0.0,1.5345561504364014,1.500458002090454,2.110708713531494,1.7334156036376953,1.6029284000396729
25,0.05600000000000058,0.9900230169296265,0.9891640543937683,0.990755021572113,0.8333333134651184,0.1444035917520523,0.028923959499252857,1.8122239662056228,0.880098708781665,0.8518636686736288,0.07866268711467134,-5.376779532709787,0.0,0.0,1.0,0.0,1.0,1.0,1.0,1.0,0.8942843675613403,0.0,1.5484793186187744,2.4090983867645264,1.968671441078186,1.8436822891235352
26,0.057000000000000606,0.9877206087112427,0.9876160621643066,0.9876734018325806,1.0,0.17020438611507416,0.031083657415784397,1.7759827033244855,0.8805160103842269,0.8490544162436324,0.06042057479378908,-5.361754525498704,0.0,0.0,1.0,1.0,1.0,1.0,1.0,1.0,1.5734800100326538,1.342294454574585,1.9516130685806274,2.0850648880004883,1.6278862953186035,1.6319249868392944
27,0.058000000000000634,0.9923253655433655,0.99071204662323,0.9938367009162903,0.8333333134651184,0.14811506867408752,0.03275145350555361,1.6412985265086755,0.8808498994333621,0.8461878826720067,0.0616158276999842,-5.341673377087027,0.0,0.0,1.0,1.0,1.0,1.0,0.0,1.0,2.0057055950164795,1.8724192380905151,2.045128345489502,2.030503034591675,0.0,0.9331486225128174
28,0.05900000000000066,0.9884880781173706,0.986068069934845,0.990755021572113,1.0,0.17373399436473846,0.03211672877294218,1.6975289358946952,0.8812961471758438,0.8433466436594987,0.0752847035473474,-5.322143916425801,0.0,0.0,1.0,1.0,1.0,1.0,1.0,1.0,2.250772476196289,1.958230972290039,1.9926257133483887,2.057363986968994,1.152808666229248,1.012237787246704
29,0.06000000000000069,0.9892555475234985,0.9891640543937683,0.9892141819000244,0.8333333134651184,0.1441221535205841,0.035064765011437314,1.8641665283110287,0.8817301351905378,0.8405504604496083,0.09010880267339211,-5.2951662125525285,0.0,0.0,1.0,1.0,1.0,0.0,1.0,1.0,2.317079782485962,1.9783860445022583,1.589794635772705,0.0,1.4023021459579468,1.3597666025161743
30,0.06100000000000072,0.9884880781173706,0.9876160621643066,0.9892141819000244,0.8333333134651184,0.1472230851650238,0.03570168133302918,1.6917019342280575,0.8823296397210549,0.837968866444242,0.11595973003410176,-5.288254095243271,0.0,0.0,1.0,1.0,1.0,0.0,1.0,1.0,2.0436782836914062,1.5465854406356812,1.6906734704971313,0.0,1.7599493265151978,1.7924988269805908
31,0.06200000000000075,0.9915578961372375,0.9891640543937683,0.9938367009162903,0.8333333134651184,0.1477094292640686,0.03682798268684969,1.685529458307062,0.8824832423279273,0.8352977809219962,0.1286986912660809,-5.270455473818638,0.0,0.0,1.0,1.0,1.0,0.0,1.0,1.0,2.076819658279419,1.4802334308624268,1.6823571920394897,0.0,1.8809353113174438,1.7422207593917847
32,0.06300000000000078,0.9877206087112427,0.9876160621643066,0.9876734018325806,0.8333333134651184,0.14261245727539062,0.03793692639290406,1.618088656452621,0.8828787672484747,0.8327130518761786,0.12859753952965522,-5.24864416486815,0.0,0.0,1.0,1.0,1.0,0.0,1.0,1.0,2.1716418266296387,1.5132994651794434,1.7239835262298584,0.0,1.7509750127792358,1.396846890449524
33,0.0640000000000008,0.9900230169296265,0.9891640543937683,0.990755021572113,0.8333333134651184,0.1465202420949936,0.03905709166167009,1.5259138818185893,0.88336346300293,0.8301242428204415,0.14457336478110397,-5.232288785129492,0.0,0.0,1.0,1.0,1.0,0.0,1.0,1.0,2.081031560897827,1.6303921937942505,1.4997910261154175,0.0,1.838072419166565,1.7419276237487793
34,0.06500000000000083,0.9892555475234985,0.9876160621643066,0.990755021572113,0.8333333134651184,0.13980749249458313,0.04016134687947883,1.7199425555137098,0.8837269158860113,0.8276067211597374,0.14560069778963222,-5.209473434527367,0.0,0.0,1.0,1.0,1.0,0.0,1.0,1.0,2.1576199531555176,1.6201006174087524,1.5468257665634155,0.0,1.7244782447814941,1.3394254446029663
35,0.06600000000000086,0.9915578961372375,0.99071204662323,0.9922958612442017,0.8333333134651184,0.13399648666381836,0.041279032508941514,1.6926465708293703,0.8842339236771696,0.8251639695506173,0.15618516448939054,-5.192776464926819,0.0,0.0,1.0,1.0,1.0,0.0,1.0,1.0,1.9505895376205444,1.6137888431549072,1.5647010803222656,0.0,1.6431365013122559,1.2675738334655762
36,0.06700000000000089,0.9869531393051147,0.9845200777053833,0.9892141819000244,0.8333333134651184,0.1312597692012787,0.042356973474557066,1.4266371159573716,0.8846049674460706,0.8227082639759069,0.1657330494222243,-5.176044499881354,0.0,0.0,1.0,1.0,1.0,0.0,1.0,1.0,1.74282705783844,1.6602181196212769,1.5845012664794922,0.0,1.6378978490829468,1.2501412630081177
37,0.06800000000000092,0.9915578961372375,0.9922600388526917,0.990755021572113,0.8333333134651184,0.12567920982837677,0.04345796664063463,1.4582772556302275,0.8849767888915254,0.8203075369628845,0.1791660262379101,-5.160744571517064,0.0,0.0,1.0,1.0,1.0,0.0,1.0,1.0,1.3106040954589844,1.6546404361724854,1.6181446313858032,0.0,1.6404722929000854,1.3168904781341553
38,0.06900000000000095,0.9869531393051147,0.986068069934845,0.9876734018325806,0.8333333134651184,0.11389084905385971,0.04452217987881038,1.5495657234008053,0.8853167872996208,0.8179729270733818,0.19417984663312568,-5.146527337594563,0.0,0.0,1.0,1.0,1.0,0.0,1.0,1.0,0.8137440085411072,1.6087806224822998,1.5971750020980835,0.0,1.4440001249313354,1.3697509765625
39,0.07000000000000098,0.9923253655433655,0.99071204662323,0.9938367009162903,0.6666666865348816,0.10314995050430298,0.045613987427597584,1.4256009333584447,0.885632725831232,0.8156395681364766,0.20473290590241058,-5.134588040393791,0.0,0.0,0.0,1.0,1.0,0.0,1.0,1.0,0.0,1.5244951248168945,1.8417116403579712,0.0,1.4686518907546997,1.354138731956482
40,0.071000000000001,0.9877206087112427,0.9845200777053833,0.990755021572113,1.0,0.14469808340072632,0.044368885683939756,1.439763937524344,0.8858980435468047,0.8132831704009515,0.2274085382689165,-5.11771319421672,0.0,0.0,1.0,1.0,1.0,1.0,1.0,1.0,1.8898322582244873,1.0639053583145142,1.8341453075408936,1.0036804676055908,1.5205308198928833,1.3697911500930786
41,0.07200000000000104,0.9900230169296265,0.99071204662323,0.9892141819000244,1.0,0.13510450720787048,0.048421088589599724,1.5132067338699362,0.8862730401285173,0.8110303003284138,0.25163067465331285,-5.1045331935039,0.0,0.0,1.0,1.0,1.0,1.0,1.0,1.0,1.8474496603012085,0.6815888285636902,1.4832762479782104,0.9650026559829712,1.298264503479004,1.8306890726089478
42,0.07300000000000106,0.9884880781173706,0.9876160621643066,0.9892141819000244,1.0,0.1286705881357193,0.04948223740126832,1.5658473486152213,0.8865659290332467,0.8088126382396424,0.26668506471085784,-5.092499163977005,0.0,0.0,1.0,1.0,1.0,1.0,1.0,1.0,1.8259698152542114,0.6889026761054993,1.509441614151001,0.9649622440338135,0.9250404834747314,1.8059189319610596
43,0.07400000000000109,0.9923253655433655,0.99071204662323,0.9938367009162903,0.8333333134651184,0.12031517922878265,0.05056230237108469,1.346143757377399,0.886833351911622,0.8066346995704552,0.2698690424659399,-5.07436141466283,0.0,0.0,1.0,0.0,1.0,1.0,1.0,1.0,1.8803049325942993,0.0,1.503410816192627,0.8940104246139526,1.5555399656295776,1.3856451511383057
44,0.07500000000000112,0.9869531393051147,0.986068069934845,0.9876734018325806,1.0,0.14831103384494781,0.050807588572001385,1.4094472679490573,0.8872364130074927,0.8044095650085732,0.2869182246334227,-5.0548699023658985,0.0,0.0,1.0,1.0,1.0,1.0,1.0,1.0,1.9463695287704468,1.4034861326217651,1.5447190999984741,0.9300994277000427,1.7790194749832153,1.2949681282043457
45,0.07600000000000115,0.9900230169296265,0.9891640543937683,0.990755021572113,1.0,0.15491212904453278,0.052663770492190565,1.2744255047765216,0.8876695577252023,0.8022829753140812,0.308079294040203,-5.039221349389611,0.0,0.0,1.0,1.0,1.0,1.0,1.0,1.0,1.8916960954666138,1.3836363554000854,1.5142278671264648,0.9424265623092651,1.8299521207809448,1.7327885627746582
46,0.07700000000000118,0.9892555475234985,0.9876160621643066,0.990755021572113,0.8333333134651184,0.14134301245212555,0.05370643360584568,0.9562573083005875,0.8880173033468975,0.8002614292147928,0.31810933661293184,-5.014329666000854,0.0,0.0,1.0,1.0,1.0,0.0,1.0,1.0,1.981895923614502,1.4117136001586914,1.5483647584915161,0.0,1.7772245407104492,1.7613813877105713
47,0.07800000000000121,0.9907904267311096,0.99071204662323,0.990755021572113,1.0,0.17440280318260193,0.05398763632884348,0.5440408548506113,0.8885704518666477,0.7984964145807439,0.3196840569708456,-4.990034735215662,0.0,0.0,1.0,1.0,1.0,1.0,1.0,1.0,2.1212692260742188,1.553732991218567,1.6105607748031616,2.0068085193634033,1.7260487079620361,1.4457483291625977
48,0.07900000000000124,0.9884880781173706,0.986068069934845,0.990755021572113,1.0,0.16169872879981995,0.055799425882423766,0.5540712640058238,0.8891103392174298,0.7970706253971555,0.3340984457506763,-4.970586633186652,0.0,0.0,1.0,1.0,1.0,1.0,1.0,1.0,1.508808970451355,1.565468668937683,1.760772466659546,2.076514959335327,1.4930269718170166,1.2973331212997437
49,0.08000000000000126,0.9900230169296265,0.9891640543937683,0.990755021572113,0.8333333134651184,0.12799666821956635,0.05683201745124369,0.6254740023092504,0.8895425192625188,0.7956775101983522,0.3558662422696934,-4.9597592194031845,0.0,0.0,0.0,1.0,1.0,1.0,1.0,1.0,0.0,1.5241618156433105,1.8246173858642578,2.087455987930298,0.8107641339302063,1.4328007698059082
50,0.0810000000000013,0.9877206087112427,0.9876160621643066,0.9876734018325806,1.0,0.1659872978925705,0.05501955862150343,0.25640407646463054,0.889783128457707,0.7942821454330626,0.36248270803885085,-4.946545108879015,0.0,0.0,1.0,1.0,1.0,1.0,1.0,1.0,1.9703607559204102,1.453269362449646,1.7040293216705322,1.9002984762191772,1.4939101934432983,1.4373698234558105
51,0.08200000000000132,0.9915578961372375,0.9891640543937683,0.9938367009162903,0.8333333134651184,0.12938575446605682,0.058849129491135924,0.4058568787483494,0.8900767753582441,0.7929418010032712,0.38614102709826437,-4.926033324077416,0.0,0.0,1.0,1.0,0.0,1.0,1.0,1.0,2.0277068614959717,0.9401264786720276,0.0,1.7092398405075073,1.6644055843353271,1.421667218208313
52,0.08300000000000135,0.9892555475234985,0.9876160621643066,0.990755021572113,1.0,0.14040999114513397,0.05891988573682681,0.7869773138378978,0.8905325927982797,0.7917192108164013,0.4116974601142262,-4.913143368120738,0.0,0.0,1.0,1.0,1.0,1.0,1.0,1.0,1.8691341876983643,1.473624587059021,1.5338853597640991,0.8420163989067078,1.6601077318191528,1.0458320379257202
53,0.08400000000000138,0.9892555475234985,0.9891640543937683,0.9892141819000244,0.8333333134651184,0.12909294664859772,0.06083860791515011,0.4090342955488616,0.8908190362639836,0.7905395115859516,0.4242244430784396,-4.90415819857896,0.0,0.0,1.0,1.0,1.0,1.0,1.0,0.0,1.1357498168945312,1.5550609827041626,1.5799894332885742,1.9280873537063599,1.5466892719268799,0.0
54,0.08500000000000141,0.9884880781173706,0.9876160621643066,0.9892141819000244,0.8333333134651184,0.13617530465126038,0.05850481024460235,0.5929945058389007,0.8910187066982453,0.7892657059999447,0.4527712531354473,-4.894120352083741,0.0,0.0,0.0,1.0,1.0,1.0,1.0,1.0,0.0,1.422653317451477,1.6265543699264526,2.1312053203582764,1.4389665126800537,1.5511380434036255
55,0.08600000000000144,0.9915578961372375,0.9891640543937683,0.9938367009162903,1.0,0.1650133728981018,0.059742793073946344,0.5439683697162876,0.8912417699536946,0.7880367683911121,0.4632408091369635,-4.887856358336325,0.0,0.0,1.0,1.0,1.0,1.0,1.0,1.0,1.896827220916748,1.5691802501678467,1.9426732063293457,2.0216054916381836,0.7892686724662781,1.6812480688095093
56,0.08700000000000147,0.9869531393051147,0.986068069934845,0.9876734018325806,1.0,0.18254803121089935,0.06371867012294546,0.33176556316174294,0.8913809698147483,0.7873734453871644,0.4817902034515734,-4.876533239273365,0.0,0.0,1.0,1.0,1.0,1.0,1.0,1.0,1.8116135597229004,1.2264622449874878,2.9636895656585693,1.7781323194503784,1.350271463394165,1.8227131366729736
57,0.0880000000000015,0.9907904267311096,0.99071204662323,0.990755021572113,1.0,0.15972095727920532,0.06468372715148267,0.3433370873922922,0.8916325946828141,0.7874031312537797,0.5066229502295069,-4.88234558261392,0.0,0.0,1.0,1.0,1.0,1.0,1.0,1.0,1.6703150272369385,0.8609098196029663,2.441915512084961,1.4569848775863647,1.4309523105621338,1.7221806049346924
58,0.08900000000000152,0.9892555475234985,0.9876160621643066,0.990755021572113,0.8333333134651184,0.13437534868717194,0.06559647374235941,0.41100609255187137,0.8915034314974685,0.78760557895522,0.5298606524917594,-4.895103818155922,0.0,0.0,1.0,1.0,1.0,0.0,1.0,1.0,1.3316525220870972,1.3792418241500854,1.792818307876587,0.0,1.4042452573776245,2.154562473297119
59,0.09000000000000155,0.9907904267311096,0.9891640543937683,0.9922958612442017,1.0,0.13178738951683044,0.06555664473366865,0.35247296815823864,0.8912199151520906,0.787839224743851,0.5545817341661106,-4.91141881360853,0.0,0.0,1.0,1.0,1.0,1.0,1.0,1.0,0.5795502066612244,1.3479458093643188,1.6778546571731567,1.7165793180465698,1.352128028869629,1.2331860065460205
60,0.09100000000000158,0.9877206087112427,0.986068069934845,0.9892141819000244,1.0,0.16215944290161133,0.06736167578646364,0.29095779796353344,0.8908573596975882,0.7880148967112803,0.5791275953952167,-4.923383501740244,0.0,0.0,1.0,1.0,1.0,1.0,1.0,1.0,1.414087176322937,1.2709934711456299,1.7484850883483887,1.8305460214614868,1.0367929935455322,2.4286623001098633
61,0.09200000000000161,0.9900230169296265,0.9891640543937683,0.990755021572113,1.0,0.18076080083847046,0.06824232105708873,0.11511067279341318,0.8905914777391057,0.7881087198265204,0.5829923654092851,-4.93439134036184,0.0,0.0,1.0,1.0,1.0,1.0,1.0,1.0,1.7099530696868896,1.0772273540496826,2.61543607711792,1.4877309799194336,1.1652905941009521,2.790009021759033
62,0.09300000000000164,0.9884880781173706,0.9891640543937683,0.9876734018325806,1.0,0.20282113552093506,0.06909872764543817,0.39460544848808476,0.8903468591030702,0.7881999000254267,0.6019946557241779,-4.944294709532749,0.0,0.0,1.0,1.0,1.0,1.0,1.0,1.0,1.2539676427841187,1.4059444665908813,1.637438416481018,0.7063128352165222,1.332107663154602,5.833498001098633
63,0.09400000000000167,0.9915578961372375,0.9891640543937683,0.9938367009162903,0.8333333134651184,0.1363798975944519,0.06997749452602813,0.23396149937233568,0.8901267842326056,0.7884987917222986,0.6158550928342199,-4.9639044482422925,0.0,0.0,0.0,1.0,1.0,1.0,1.0,1.0,0.0,1.3832961320877075,1.7182284593582153,1.5808433294296265,1.3921220302581787,2.108304262161255
64,0.0950000000000017,0.9884880781173706,0.986068069934845,0.990755021572113,1.0,0.14656883478164673,0.06736078533975441,0.3399780607832382,0.8896910122612824,0.7886306435473222,0.6299499133108092,-4.973665746918668,0.0,0.0,1.0,1.0,1.0,1.0,1.0,1.0,1.4904741048812866,0.9967164993286133,1.8050580024719238,1.7617355585098267,1.192970633506775,1.5471749305725098
65,0.09600000000000172,0.9900230169296265,0.99071204662323,0.9892141819000244,1.0,0.1730937510728836,0.07163674193996444,0.21244505345650688,0.8894740945129185,0.7886721495680218,0.6395429508497722,-4.980865040909783,0.0,0.0,1.0,1.0,1.0,1.0,1.0,1.0,1.624348521232605,1.1409322023391724,3.0431318283081055,1.7079945802688599,1.144921898841858,1.7242952585220337
66,0.09700000000000175,0.9877206087112427,0.986068069934845,0.9892141819000244,0.8333333134651184,0.13308820128440857,0.07244898895751145,0.26978683733418707,0.8893141102020048,0.7888672507342626,0.6590585584509046,-4.995184418450235,0.0,0.0,1.0,1.0,0.0,1.0,1.0,1.0,0.6251994371414185,1.342623233795166,0.0,1.0406655073165894,1.3898863792419434,3.586916923522949
67,0.09800000000000178,0.9930928349494934,0.9922600388526917,0.9938367009162903,0.8333333134651184,0.12341884523630142,0.07215022838083965,0.48150396359854525,0.888995901812217,0.78907896655727,0.6824969012083844,-5.010222955018116,0.0,0.0,1.0,1.0,1.0,0.0,1.0,1.0,1.3942928314208984,1.29287850856781,1.6665788888931274,0.0,1.3984233140945435,1.6529569625854492
68,0.09900000000000181,0.9861856698989868,0.9845200777053833,0.9876734018325806,1.0,0.17626816034317017,0.07299727428628998,0.12931513897945665,0.8886617121107085,0.7891593611171727,0.6948152158373244,-5.017991294673393,0.0,0.0,1.0,1.0,1.0,1.0,1.0,1.0,1.2295905351638794,0.8918667435646057,1.7048102617263794,1.7597283124923706,1.178526759147644,3.8115665912628174
69,0.10000000000000184,0.9907904267311096,0.99071204662323,0.990755021572113,0.8333333134651184,0.13051332533359528,0.0748610442318409,0.6108559863457963,0.8884890823405913,0.7894533004888059,0.7166672566913525,-5.039836943509914,0.0,0.0,1.0,1.0,1.0,1.0,0.0,1.0,1.186439871788025,1.2543883323669434,1.9192912578582764,1.6765117645263672,0.0,1.7941676378250122
70,0.10100000000000187,0.9884880781173706,0.986068069934845,0.990755021572113,1.0,0.18198151886463165,0.07161168451657758,0.28387500029349727,0.8880036234775575,0.7896337291410888,0.7301225334907331,-5.053818683680198,0.0,0.0,1.0,1.0,1.0,1.0,1.0,1.0,1.511475920677185,1.345511555671692,1.6806974411010742,1.25569748878479,1.3125684261322021,3.8129396438598633
71,0.1020000000000019,0.9907904267311096,0.99071204662323,0.990755021572113,0.8333333134651184,0.12627080082893372,0.07638546180320453,0.26667268123285465,0.88769291814044,0.789799686953109,0.7476097771669209,-5.068046341803295,0.0,0.0,1.0,1.0,1.0,0.0,1.0,1.0,1.108845829963684,1.396588683128357,1.6135214567184448,0.0,1.3790782690048218,2.078213930130005
72,0.10300000000000192,0.9884880781173706,0.986068069934845,0.990755021572113,1.0,0.1585252732038498,0.07602760424234624,0.08703693143010358,0.8873767479599268,0.7899410238643891,0.7623058656104157,-5.077975114883877,0.0,0.0,1.0,1.0,1.0,1.0,1.0,1.0,1.0544297695159912,1.0290457010269165,1.6924099922180176,1.7057055234909058,1.1775403022766113,2.8523850440979004
73,0.10400000000000195,0.9907904267311096,0.99071204662323,0.990755021572113,1.0,0.15025797486305237,0.07788447080106815,0.23499526068449064,0.8871561085581361,0.7900499831981718,0.7741927256948902,-5.086792381447334,0.0,0.0,1.0,1.0,1.0,1.0,1.0,1.0,1.040018081665039,1.1572986841201782,1.834793210029602,1.7956151962280273,1.144934892654419,2.042818784713745
74,0.10500000000000198,0.9869531393051147,0.986068069934845,0.9876734018325806,1.0,0.16687873005867004,0.07859304754769166,0.09559620920599728,0.8869601693011704,0.790149543533086,0.7886280078681731,-5.095704004686038,0.0,0.0,1.0,1.0,1.0,1.0,1.0,1.0,1.0621774196624756,1.4225146770477295,1.9596612453460693,1.4982351064682007,1.338814377784729,2.731321096420288
75,0.10600000000000201,0.9923253655433655,0.99071204662323,0.9938367009162903,0.8333333134651184,0.12192760407924652,0.07935197428267786,0.2747951143107196,0.8867621332291992,0.7902820955754447,0.8046853475997102,-5.106905536240969,0.0,0.0,1.0,1.0,1.0,0.0,1.0,1.0,0.9784960150718689,1.0690234899520874,1.5637178421020508,0.0,1.2880380153656006,2.4163808822631836
76,0.10700000000000204,0.9877206087112427,0.9845200777053833,0.990755021572113,1.0,0.1592583805322647,0.0789015714989302,0.2706038909308017,0.8865132103057562,0.7904101381213476,0.8140284375671983,-5.116728769298032,0.0,0.0,1.0,1.0,1.0,1.0,1.0,1.0,0.9585692286491394,1.17940354347229,1.738845944404602,1.6902762651443481,1.1189862489700317,2.8694217205047607
77,0.10800000000000207,0.9907904267311096,0.9922600388526917,0.9892141819000244,1.0,0.16407176852226257,0.08075392774482996,0.15234055713412376,0.8862949162378215,0.7904950214389251,0.8314229500961718,-5.122607304901147,0.0,0.0,1.0,1.0,1.0,1.0,1.0,1.0,1.007023572921753,1.3885449171066284,1.801649808883667,1.7883055210113525,1.324245810508728,2.534536600112915
78,0.1090000000000021,0.9877206087112427,0.986068069934845,0.9892141819000244,1.0,0.1820400208234787,0.08142904100255194,0.2628097149107726,0.8861642821133078,0.7905984810483876,0.849100948432155,-5.128682653148813,0.0,0.0,1.0,1.0,1.0,1.0,1.0,1.0,1.3878790140151978,1.21142578125,1.7582145929336548,1.3363591432571411,1.4179956912994385,3.8105275630950928
79,0.11000000000000212,0.9923253655433655,0.99071204662323,0.9938367009162903,0.8333333134651184,0.12900970876216888,0.08214603379617391,0.23171135994938935,0.8860292743744709,0.79085623226004,0.8633600162489046,-5.1528951774204,0.0,0.0,1.0,1.0,1.0,0.0,1.0,1.0,1.1132943630218506,0.8573012948036194,1.208558201789856,0.0,1.1979681253433228,3.3634607791900635
80,0.11100000000000215,0.9869531393051147,0.986068069934845,0.9876734018325806,0.8333333134651184,0.13279178738594055,0.0815716961920702,0.3249620694418375,0.8854912182795467,0.7909558626323832,0.8838054384928218,-5.160025441896194,0.0,0.0,1.0,1.0,1.0,1.0,0.0,1.0,1.0385264158248901,1.27544105052948,1.6675232648849487,1.6736935377120972,0.0,2.3123228549957275
81,0.11200000000000218,0.9900230169296265,0.9891640543937683,0.990755021572113,1.0,0.16357184946537018,0.07900294798558004,0.15012792235776656,0.8853327679578623,0.7910415531632734,0.8977508254669994,-5.167144193025997,0.0,0.0,1.0,1.0,1.0,1.0,1.0,1.0,1.0367345809936523,1.3664300441741943,1.7950944900512695,1.7907874584197998,1.2662698030471802,2.5589940547943115
82,0.11300000000000221,0.9900230169296265,0.9891640543937683,0.990755021572113,1.0,0.1675335019826889,0.08406345518946924,0.2736438454637868,0.8851745734883112,0.7911695155672317,0.9166010112052687,-5.173631815797869,0.0,0.0,1.0,1.0,1.0,1.0,1.0,1.0,1.505903959274292,1.2438924312591553,1.796628475189209,1.5609462261199951,1.4180058240890503,2.5266335010528564
83,0.11400000000000224,0.9907904267311096,0.9891640543937683,0.9922958612442017,0.8333333134651184,0.12735654413700104,0.08471111704086798,0.15524119604195383,0.8850304040933807,0.7913594345321734,0.9227509812712207,-5.1936315127656165,0.0,0.0,1.0,1.0,1.0,0.0,1.0,1.0,0.6747189164161682,0.9693877100944519,1.2474136352539062,0.0,1.2897545099258423,3.460117816925049
84,0.11500000000000227,0.9877206087112427,0.986068069934845,0.9892141819000244,0.8333333134651184,0.13890185952186584,0.08406776659542751,0.5073885180876687,0.8845859663829863,0.7915435811788556,0.9500408493751241,-5.206427494795482,0.0,0.0,1.0,1.0,1.0,1.0,0.0,1.0,1.3550893068313599,1.2115495204925537,1.7024788856506348,1.6387906074523926,0.0,2.4262025356292725
85,0.1160000000000023,0.9900230169296265,0.9891640543937683,0.990755021572113,0.8333333134651184,0.14697052538394928,0.08134131465347062,0.2315724302959065,0.8843016112267671,0.7916322371795187,0.9625140928450463,-5.214493892671303,0.0,0.0,1.0,0.0,1.0,1.0,1.0,1.0,1.6036293506622314,0.0,1.8497726917266846,1.807958960533142,1.3024030923843384,2.2544679641723633
86,0.11700000000000232,0.9884880781173706,0.9876160621643066,0.9892141819000244,1.0,0.18246202170848846,0.08512959505719639,0.5803983938786056,0.8841223579406376,0.7917759625800884,0.983153513347518,-5.22433954629814,0.0,0.0,1.0,1.0,1.0,1.0,1.0,1.0,1.407280683517456,1.1808958053588867,1.8370243310928345,1.3382333517074585,1.4711077213287354,3.713179349899292
87,0.11800000000000235,0.9915578961372375,0.99071204662323,0.9922958612442017,0.8333333134651184,0.12377248704433441,0.08706407518090864,0.26700666908224024,0.8839035656378191,0.7919981491880328,1.0031876560781658,-5.242559888612815,0.0,0.0,1.0,1.0,1.0,0.0,1.0,1.0,1.1339166164398193,1.0220776796340942,1.580141305923462,0.0,1.3135532140731812,2.3766603469848633
88,0.11900000000000238,0.9892555475234985,0.9876160621643066,0.990755021572113,1.0,0.1587473452091217,0.08635774019751742,0.2438594453926007,0.8834986691419374,0.7920787735598307,1.0143316667725755,-5.250068160589495,0.0,0.0,1.0,1.0,1.0,1.0,1.0,1.0,1.037192702293396,1.161391019821167,1.7927734851837158,1.7227493524551392,1.1204164028167725,2.690317392349243
89,0.12000000000000241,0.9884880781173706,0.9876160621643066,0.9892141819000244,1.0,0.16036008298397064,0.08814425098251921,0.15565364284359107,0.8833318186535668,0.792158691860896,1.0303149129141862,-5.256640401317106,0.0,0.0,1.0,1.0,1.0,1.0,1.0,1.0,0.9972181916236877,1.0761985778808594,1.9966851472854614,1.7848230600357056,1.0884054899215698,2.6782748699188232
90,0.12100000000000244,0.9892555475234985,0.9891640543937683,0.9892141819000244,1.0,0.16706719994544983,0.08868625825707671,0.22155167779456933,0.8831857688596199,0.7922349187803986,1.0441217017409863,-5.263570111528638,0.0,0.0,1.0,1.0,1.0,1.0,1.0,1.0,0.981419026851654,1.0850833654403687,1.7021406888961792,1.323746919631958,1.0694268941879272,3.862215757369995
91,0.12200000000000247,0.9907904267311096,0.9876160621643066,0.9938367009162903,0.8333333134651184,0.12156315892934799,0.08923392663132788,0.26602120970190596,0.8830317752993636,0.7922903533709006,1.061714810924323,-5.268131575532703,0.0,0.0,1.0,1.0,1.0,0.0,1.0,1.0,0.9308310747146606,1.110079050064087,1.6243621110916138,0.0,1.0261555910110474,2.6023616790771484
92,0.1230000000000025,0.9884880781173706,0.9891640543937683,0.9876734018325806,1.0,0.12772411108016968,0.0884669760946394,0.33481979243916016,0.8829304094326066,0.792354698915192,1.0749448238459076,-5.273797935491883,0.0,0.0,1.0,1.0,1.0,1.0,1.0,1.0,0.8860756158828735,1.30567467212677,1.7354456186294556,1.7258390188217163,1.0173414945602417,0.9930698871612549
93,0.12400000000000252,0.9892555475234985,0.9876160621643066,0.990755021572113,1.0,0.15727724134922028,0.09024744788039885,0.17580740722383048,0.8828044903224026,0.7924313351503447,1.0914882004127058,-5.281082832421771,0.0,0.0,1.0,1.0,1.0,1.0,1.0,1.0,0.9071587920188904,1.1372298002243042,1.957027554512024,1.809473991394043,1.061651349067688,2.5640926361083984
94,0.12500000000000255,0.9900230169296265,0.9891640543937683,0.990755021572113,1.0,0.1925303041934967,0.09074534143577803,0.21318666524572222,0.8826426037239606,0.7924859786305473,1.1063842072118308,-5.287436619859344,0.0,0.0,1.0,1.0,1.0,1.0,1.0,1.0,0.9549481868743896,1.2316654920578003,1.7032010555267334,1.5695507526397705,1.031760334968567,5.060692310333252
95,0.12600000000000244,0.9900230169296265,0.9891640543937683,0.990755021572113,1.0,0.17155757546424866,0.09123069521580732,0.6181695896647474,0.8825014084475702,0.7925155595806471,1.121569695275026,-5.289306052500149,0.0,0.0,1.0,1.0,1.0,1.0,1.0,1.0,1.5624371767044067,1.035760521888733,1.5867387056350708,0.6973912715911865,1.5069066286087036,3.9042205810546875
96,0.12700000000000233,0.9884880781173706,0.986068069934845,0.990755021572113,1.0,0.16282987594604492,0.09169359377004885,0.18169373613927883,0.8824598654999967,0.792669669839471,1.1360861633244135,-5.300990329256929,0.0,0.0,1.0,1.0,1.0,1.0,1.0,1.0,1.1516298055648804,1.0460972785949707,1.570112943649292,1.6759227514266968,1.2038111686706543,3.122218608856201
97,0.12800000000000222,0.9907904267311096,0.99071204662323,0.990755021572113,1.0,0.1608683168888092,0.0921507324337908,0.40207277037737255,0.8822002149054016,0.7928651221552672,1.1524446322742077,-5.316118871561847,0.0,0.0,1.0,1.0,1.0,1.0,1.0,1.0,1.2374491691589355,1.290548324584961,1.6352955102920532,1.7575756311416626,1.1693772077560425,2.5618536472320557
98,0.1290000000000021,0.9877206087112427,0.9876160621643066,0.9876734018325806,1.0,0.16639485955238342,0.0925452159233899,0.6066818771756002,0.8818640250764034,0.7929410030849399,1.1734209187580378,-5.321387699005223,0.0,0.0,1.0,1.0,1.0,1.0,1.0,1.0,1.548891305923462,1.0041700601577759,1.5266633033752441,1.0495480298995972,1.476501226425171,3.377918243408203
99,0.130000000000002,0.9915578961372375,0.9891640543937683,0.9938367009162903,1.0,0.1317278891801834,0.09300192921466517,0.21613569904693086,0.8817469400221062,0.7931686567188662,1.1872391342789363,-5.338128592055195,0.0,0.0,1.0,1.0,1.0,1.0,1.0,1.0,1.2795296907424927,1.1008508205413818,1.6018266677856445,1.5832082033157349,1.3705642223358154,0.9676933884620667
